<application>
  <component name="ParameterNameHintsSettings">
    <blacklists>
      <blacklist language="PHP">
        <removed pattern="" />
      </blacklist>
    </blacklists>
    <option id="js.only.show.names.for.tagged" value="false" />
    <option id="js.only.show.names.for.pipes" value="false" />
    <option id="js.only.show.names.for.literal.args" value="false" />
    <option id="ts.param.hints.show.names.for.literal.args" value="false" />
    <option id="js.param.hints.show.names.for.tagged" value="false" />
    <option id="php.show.names.for.all.args" value="true" />
    <disabledLanguages>
      <language id="TypeScript" />
      <language id="JavaScript" />
    </disabledLanguages>
  </component>
</application>