<application>
  <component name="Trusted.Paths">
    <option name="TRUSTED_PROJECT_PATHS">
      <map>
        <entry key="$USER_HOME$/Desktop/Code/php/php-demo" value="true" />
        <entry key="$USER_HOME$/Desktop/code/laravel/laravelcourse" value="true" />
        <entry key="/tmp/PhpStorm.format.0650c9cd-4fe7-4627-85e9-061591540743.tmp/.idea" value="true" />
        <entry key="/tmp/PhpStorm.format.1a686ec5-03e7-4515-bdeb-b692172a6381.tmp/.idea" value="true" />
        <entry key="/tmp/PhpStorm.format.40cb995b-2da3-4618-b27b-34a680ad3430.tmp/.idea" value="true" />
        <entry key="/tmp/PhpStorm.format.9378f691-ec11-4a2a-aca1-8eec886adc80.tmp/.idea" value="true" />
        <entry key="D:\Dev\laravel" value="true" />
        <entry key="D:\Dev\laravel\example" value="true" />
        <entry key="E:\tutorial-course\Jeremy-McPeak\first-app" value="true" />
        <entry key="E:\tutorial-course\Jeremy-McPeak\react-no-toolchain\react-fundamentals" value="true" />
        <entry key="E:\tutorial-course\Jon\my_app" value="true" />
        <entry key="E:\tutorial-course\Traversy-Media\laragigs" value="true" />
      </map>
    </option>
  </component>
  <component name="Trusted.Paths.Settings">
    <option name="TRUSTED_PATHS">
      <list>
        <option value="$USER_HOME$/Desktop/code/laravel" />
        <option value="$USER_HOME$/Desktop/Code/php" />
      </list>
    </option>
  </component>
</application>