<application>
  <component name="UISettings">
    <option name="DIFFERENTIATE_PROJECTS" value="false" />
    <option name="EDITOR_TAB_PLACEMENT" value="0" />
    <option name="HIDE_TOOL_STRIPES" value="true" />
    <option name="NAVIGATION_BAR_LOCATION" value="TOP" />
    <option name="SHOW_BREAKPOINTS_OVER_LINE_NUMBERS" value="false" />
    <option name="SHOW_ICONS_IN_MENUS" value="false" />
    <option name="SHOW_NAVIGATION_BAR" value="false" />
    <option name="SHOW_NEW_MAIN_TOOLBAR" value="false" />
    <option name="UI_DENSITY" value="COMPACT" />
  </component>
</application>