<application>
  <component name="WindowManager">
    <frame x="960" y="0" width="960" height="1080" />
  </component>
  <component name="WindowStateApplicationService">
    <state x="743" y="296" width="435" height="492" key="FileChooserDialogImpl" timestamp="1755664074408">
      <screen x="0" y="0" width="1920" height="1080" />
    </state>
    <state x="743" y="296" width="435" height="492" key="FileChooserDialogImpl/0.0.1920.1080" timestamp="1755664074408" />
    <state x="960" y="468" width="800" height="650" key="WELCOME_SCREEN" timestamp="1755664003272">
      <screen x="0" y="0" width="1920" height="1080" />
    </state>
    <state x="960" y="468" width="800" height="650" key="WELCOME_SCREEN/0.0.1920.1080" timestamp="1755664003272" />
  </component>
</application>