<keymap version="1" name="XWin copy" parent="Default for XWin">
  <action id="ActivateProjectToolWindow">
    <keyboard-shortcut first-keystroke="ctrl 1" />
  </action>
  <action id="CollapseSelection" />
  <action id="DuplicatesForm.SendToLeft" />
  <action id="EditorChooseLookupItemDot" />
  <action id="FileChooser.GotoHome" />
  <action id="FileChooser.TogglePathBar" />
  <action id="GotoBookmark1" />
  <action id="ParameterInfo" />
  <action id="SearchEverywhere">
    <keyboard-shortcut first-keystroke="ctrl p" />
  </action>
  <action id="ShowSettings">
    <keyboard-shortcut first-keystroke="ctrl comma" />
  </action>
</keymap>